respondent_id,weight,Q3_1,Q3_2,Q3_3,Q3_4,Q3_5,Q3_6,Q3_7,Q3_8,Q4_1,Q4_2,Q4_3,Q4_4,Q4_5,Q4_6,Q4_7,Q4_8
R00001,0.7817,0,0,0,0,1,0,0,0,0,1,0,1,1,0,0,1
R00002,1.7499,1,0,1,0,1,1,0,0,1,1,1,0,1,1,0,1
R00003,1.4200,1,0,1,0,0,1,0,0,1,1,1,1,0,1,0,0
R00004,1.2521,0,1,0,0,0,1,0,1,0,1,0,1,0,1,1,1
R00005,1.7295,1,1,0,1,1,0,0,1,1,1,1,1,1,1,1,1
R00006,1.1289,0,1,1,1,0,1,0,0,0,1,1,1,0,1,0,1
R00007,1.4512,0,0,1,1,0,0,0,0,1,0,1,1,1,0,0,1
R00008,0.8783,1,1,1,0,0,0,0,0,1,1,1,0,0,0,0,0
R00009,1.2637,1,0,0,1,0,0,0,0,1,0,0,1,0,1,0,1
R00010,1.1505,1,1,1,1,1,0,1,0,1,1,1,1,1,1,1,1
R00011,1.1204,1,0,0,0,0,0,0,0,1,0,0,0,0,1,0,0
R00012,1.3201,1,0,0,0,0,0,0,0,1,0,1,1,0,0,1,0
R00013,0.8621,1,1,1,1,1,1,1,1,1,1,1,1,1,1,1,1
R00014,0.7038,0,0,0,0,1,0,0,0,1,1,1,0,1,0,0,0
R00015,1.0612,0,0,0,1,0,1,1,0,0,1,0,1,0,1,1,1
R00016,1.3581,0,0,0,0,1,0,0,0,1,1,0,1,1,0,1,1
R00017,1.1170,1,0,0,1,0,0,0,0,1,1,1,1,1,0,1,0
R00018,1.2192,1,1,1,0,0,0,1,0,1,1,1,0,0,1,1,1
R00019,1.5790,0,0,1,0,0,0,0,0,0,0,1,1,1,0,1,1
R00020,0.7990,0,0,1,0,0,1,0,0,0,1,1,1,0,1,0,1
R00021,1.6934,0,1,0,0,0,0,1,0,1,1,0,0,0,1,1,1
R00022,1.6420,1,1,0,1,1,0,1,1,1,1,0,1,1,0,1,1
R00023,0.5821,1,0,0,1,0,0,0,0,1,0,0,1,1,0,0,1
R00024,1.2722,0,1,1,1,0,1,0,0,1,1,1,1,0,1,1,1
R00025,1.5668,0,1,0,1,0,1,0,0,0,1,1,1,1,1,0,0
R00026,1.2452,1,1,0,0,0,0,0,0,1,1,0,0,0,0,0,0
R00027,0.9202,1,1,1,1,0,0,0,0,1,1,1,1,0,1,0,0
R00028,0.5417,1,1,1,0,0,1,0,0,1,1,1,1,1,1,1,0
R00029,1.4292,1,1,1,0,0,1,0,0,1,1,1,0,1,1,0,1
R00030,1.4443,0,0,0,0,1,0,1,0,0,0,1,1,1,1,1,0
R00031,0.8165,1,0,0,1,0,0,0,0,1,1,1,1,0,0,0,1
R00032,1.6977,1,1,1,1,1,1,1,0,1,1,1,1,1,1,1,1
R00033,1.1282,0,0,1,0,0,0,0,1,0,0,1,0,0,0,1,1
R00034,0.7598,0,1,1,1,0,1,0,0,1,1,1,1,1,1,0,1
R00035,0.5243,0,1,0,1,0,1,0,0,1,1,1,1,1,1,0,0
R00036,1.0667,1,1,1,1,1,1,1,1,1,1,1,1,1,1,0,1
R00037,1.7201,1,0,1,0,1,0,0,0,1,1,1,0,1,1,0,0
R00038,1.6057,1,0,1,0,1,1,0,0,1,0,1,0,1,1,1,1
R00039,1.7771,0,1,0,0,0,0,0,0,1,1,0,1,0,1,1,1
R00040,1.6221,0,0,1,0,0,1,0,0,0,0,1,1,0,1,1,0
R00041,1.0188,1,1,0,0,1,0,0,1,1,1,1,1,1,0,0,1
R00042,0.8988,1,0,1,0,0,0,0,1,1,1,1,1,0,0,0,1
R00043,0.6195,0,1,1,1,0,1,0,0,0,1,1,1,0,1,0,0
R00044,1.4298,0,0,0,1,0,1,0,0,0,0,1,1,1,1,0,0
R00045,1.4464,1,1,1,0,0,0,0,0,1,1,1,1,1,0,0,0
R00046,0.9239,0,0,1,1,1,0,0,0,1,1,1,1,1,0,0,0
R00047,0.7516,0,1,0,0,0,1,0,0,0,1,1,0,0,1,0,1
R00048,0.7541,1,0,0,0,0,0,0,0,1,0,0,0,0,0,1,0
R00049,0.5939,1,0,0,1,0,0,0,0,1,0,1,1,0,0,0,0
R00050,0.5822,1,0,0,0,1,0,0,0,1,0,0,1,1,1,0,0
R00051,0.6194,1,1,0,1,1,1,0,0,1,1,0,1,1,1,1,0
R00052,1.1135,1,0,1,1,1,0,0,0,1,1,1,1,1,1,0,0
R00053,1.4402,0,0,0,1,1,0,0,0,0,0,0,1,1,0,1,0
R00054,0.8725,0,1,0,0,0,1,0,0,0,1,0,1,0,1,1,0
R00055,0.9743,0,0,1,0,1,0,0,0,0,0,1,1,1,0,0,1
R00056,0.9875,1,0,1,0,1,0,0,0,1,0,1,0,1,1,1,0
R00057,0.7747,0,1,0,0,1,1,1,0,1,1,0,1,1,1,1,1
R00058,1.4271,0,1,0,1,0,0,1,0,0,1,0,1,0,1,1,0
R00059,0.6794,0,1,1,0,1,0,0,0,1,1,1,0,1,1,0,0
R00060,0.8267,1,0,0,1,0,1,0,0,1,1,0,1,0,1,1,1
R00061,1.3762,1,1,1,1,1,0,0,1,1,1,1,1,1,1,1,1
R00062,1.6597,1,1,0,0,0,0,0,0,1,1,1,0,1,1,0,0
R00063,0.9090,0,0,1,0,1,0,0,0,1,0,1,0,1,1,0,0
R00064,0.6886,1,1,1,0,0,0,0,0,1,1,1,0,0,0,0,0
R00065,1.1327,0,0,1,1,1,0,0,0,0,1,1,1,1,0,0,0
R00066,1.0309,0,1,0,0,1,0,0,0,1,1,0,1,1,0,0,1
R00067,1.7455,1,1,1,0,0,1,1,1,1,1,1,1,0,1,1,1
R00068,0.6492,1,1,1,0,0,1,0,0,1,1,1,0,0,1,1,0
R00069,0.7351,0,0,1,1,1,0,0,1,0,0,1,1,1,1,0,1
R00070,0.6745,1,1,0,0,0,0,0,0,1,1,1,0,1,0,0,0
R00071,1.4070,1,1,1,0,0,0,0,0,1,1,1,0,0,1,0,0
R00072,1.5050,1,1,0,0,0,0,0,0,1,1,0,1,1,0,1,1
R00073,1.2987,0,0,1,0,1,0,0,0,0,0,1,1,1,0,0,0
R00074,1.0192,1,0,0,0,0,0,0,1,1,0,0,1,1,0,0,1
R00075,1.4849,0,1,1,1,0,0,0,0,0,1,1,1,1,0,1,0
R00076,1.2963,0,0,1,0,0,0,0,0,0,0,1,0,1,1,0,0
R00077,0.8900,1,0,0,1,1,0,1,0,1,1,1,1,1,1,1,0
R00078,0.7617,1,0,1,1,1,1,0,0,1,0,1,1,1,1,1,0
R00079,1.7609,0,0,0,0,0,0,0,1,0,1,0,0,0,1,0,1
R00080,1.1341,0,0,0,0,1,0,0,0,0,0,0,0,1,0,0,0
R00081,0.5922,0,0,0,0,0,0,1,0,1,0,0,0,1,1,1,0
R00082,1.6574,1,0,1,1,1,0,0,0,1,1,1,1,1,0,0,0
R00083,0.8934,1,0,1,0,1,0,0,1,1,0,1,1,1,1,1,1
R00084,1.7100,1,1,0,0,0,0,0,0,1,1,1,0,0,1,0,0
R00085,0.5823,1,1,0,0,0,1,0,0,1,1,0,1,0,1,0,1
R00086,1.3146,1,0,0,0,1,0,0,1,1,1,0,0,1,1,1,1
R00087,0.6447,1,0,1,0,0,0,0,0,1,0,1,0,1,0,1,0
R00088,1.3886,0,1,0,1,0,0,0,0,0,1,0,1,1,1,0,1
R00089,0.8984,0,0,0,0,1,1,0,0,1,0,0,0,1,1,0,0
R00090,0.6586,1,0,1,0,0,0,1,0,1,0,1,0,1,0,1,1
R00091,1.5898,1,0,0,0,0,0,0,0,1,1,0,0,1,1,1,0
R00092,0.8135,0,0,0,0,1,0,0,0,0,0,1,1,1,0,0,1
R00093,0.8080,0,0,0,0,1,0,0,0,0,0,0,1,1,0,0,1
R00094,0.7427,1,0,1,0,1,0,0,0,1,0,1,0,1,0,0,1
R00095,0.9384,0,0,0,0,0,1,1,0,1,0,1,0,0,1,1,0
R00096,1.2848,0,0,0,0,1,0,0,0,1,0,1,0,1,1,1,1
R00097,1.3609,0,1,0,0,1,0,0,0,0,1,0,0,1,0,1,0
R00098,1.1809,1,0,0,0,0,0,0,0,1,1,0,0,1,0,1,0
R00099,0.5178,0,1,0,1,0,0,0,0,1,1,0,1,0,0,1,0
R00100,1.7616,0,0,0,1,0,0,0,0,1,0,0,1,0,0,0,0
R00101,1.1451,0,0,0,0,0,1,0,0,0,1,0,1,0,1,0,1
R00102,0.8248,1,1,1,1,1,1,0,0,1,1,1,1,1,1,0,1
R00103,0.7394,1,1,0,1,0,0,1,0,1,1,1,1,0,1,1,1
R00104,0.9723,1,1,0,0,0,1,1,0,1,1,0,1,0,1,1,0
R00105,1.3340,1,1,0,1,0,0,0,0,1,1,0,1,1,0,1,0
R00106,1.1407,0,0,0,0,0,1,1,0,0,1,0,1,1,1,1,1
R00107,1.0535,0,1,1,0,0,1,0,1,0,1,1,0,0,1,1,1
R00108,1.6251,1,1,1,0,1,0,0,0,1,1,1,0,1,0,1,0
R00109,0.9486,1,0,0,0,0,0,0,1,1,1,0,0,0,1,1,1
R00110,1.6542,1,0,0,0,0,0,0,0,1,0,1,1,0,0,0,0
R00111,1.1401,1,1,1,1,1,0,0,0,1,1,1,1,1,0,1,0
R00112,1.7793,0,1,1,0,0,1,0,0,0,1,1,0,1,1,1,1
R00113,1.0669,0,0,1,0,1,1,0,0,1,1,1,1,1,1,0,1
R00114,1.4581,0,1,0,1,0,0,0,0,0,1,0,1,1,0,1,0
R00115,1.3405,1,1,1,1,0,0,0,0,1,1,1,1,0,1,1,0
R00116,0.6701,0,1,0,0,0,0,0,0,0,1,0,0,0,0,0,1
R00117,1.4723,1,0,0,1,1,1,0,1,1,0,0,1,1,1,1,1
R00118,1.3163,1,0,1,0,0,0,0,0,1,0,1,0,0,0,0,0
R00119,1.7515,1,1,0,1,0,0,0,0,1,1,0,1,1,0,0,0
R00120,0.5940,0,0,0,1,0,0,0,0,1,0,0,1,1,1,1,1
